date,sth_mvrv,sth_sopr,sth_cost_basis
2025-09-01,0.98624,0.998392,109614.12
2025-09-02,1.013945,1.00054,109664.78
2025-09-03,1.018121,0.999818,109722.76
2025-09-04,1.007883,0.99887,109866.18
2025-09-05,1.007318,1.00154,110014.9
2025-09-06,1.000874,0.99976,110129.45
2025-09-07,1.007918,1.000582,110273.35
2025-09-08,1.018001,1.001542,110413.66
2025-09-09,1.010028,1.000273,110428.95
2025-09-10,1.030794,1.002725,110523.27
2025-09-11,1.043954,1.004368,110652.83
2025-09-12,1.047512,1.006437,110774.16
2025-09-13,1.045724,1.004641,110884.22
2025-09-14,1.039326,1.003477,111033.75
2025-09-15,1.039996,1.00179,111066.31
2025-09-16,1.051047,1.003848,111153.5
2025-09-17,1.046801,1.004869,111259.6
2025-09-18,1.051073,1.00637,111443.09
2025-09-19,1.036188,1.003327,111599.7
2025-09-20,1.035461,1.003349,111760.82
2025-09-21,1.030923,1.002948,111842.29
2025-09-22,1.007749,0.995775,111830.21
2025-09-23,1.001549,0.995347,111830.68
2025-09-24,1.01338,0.997078,111852.15
2025-09-25,0.975141,0.994808,111830.76
2025-09-26,0.981259,0.993759,111813.19
2025-09-27,0.980732,0.995444,111817.55
2025-09-28,0.989884,0.997457,111883.65
2025-09-29,1.020258,1.002432,112038.37
2025-09-30,1.016515,1.00531,112190.58
2025-10-01,1.054819,1.008803,112406.65
2025-10-02,1.070547,1.012256,112702.93
2025-10-03,1.081478,1.016225,113100.56
2025-10-04,1.080782,1.014362,113266.64
2025-10-05,1.089184,1.011484,113394.86
2025-10-06,1.09961,1.01339,113639.44
2025-10-07,1.067475,1.008444,113784.02
2025-10-08,1.08225,1.010109,113983.32
2025-10-09,1.066792,1.00626,114089.68
2025-10-10,1.000892,0.998462,114054.12
2025-10-11,0.972829,0.990023,113913.96
2025-10-12,1.010672,0.994949,113957.82
2025-10-13,1.011025,0.99743,113994.71
2025-10-14,0.994598,0.990157,113726.64
2025-10-15,0.974627,0.991906,113661.09
2025-10-16,0.95218,0.987191,113501.94
2025-10-17,0.939227,0.985293,113335.71
2025-10-18,0.945664,0.990957,113329.09
2025-10-19,0.958989,0.993585,113310.4
2025-10-20,0.97583,0.997066,113344.77
2025-10-21,0.956319,0.998905,113352.28
2025-10-22,0.951664,0.992541,113190.48
2025-10-23,0.97303,0.992867,113122.53
2025-10-24,0.981687,0.993493,113082.45
2025-10-25,0.987268,0.996555,113094.59
2025-10-26,1.011434,1.000786,113161.21
2025-10-27,1.007546,1.003997,113268.38
2025-10-28,0.997055,1.002753,113296.9
2025-10-29,0.972118,0.998805,113249.57
2025-10-30,0.957434,0.991634,113115.45
2025-10-31,0.967835,0.99206,113242.08
2025-11-01,0.972069,0.995898,113256.71
2025-11-02,0.976917,0.997582,113267.78
2025-11-03,0.938415,0.992953,113117.77
2025-11-04,0.901756,0.984116,112699.58
2025-11-05,0.923927,0.985453,112473.2
2025-11-06,0.902386,0.985585,112278.65
2025-11-07,0.923455,0.984688,111942.0
2025-11-08,0.914117,0.990216,111893.39
2025-11-09,0.935811,0.996766,111924.35
2025-11-10,0.946976,0.999948,111942.27
2025-11-11,0.921231,0.997469,111845.52
2025-11-12,0.909554,0.996542,111758.72
2025-11-13,0.894807,0.987515,111459.75
2025-11-14,0.849659,0.979111,110970.96
2025-11-15,0.861105,0.987195,110930.41
2025-11-16,0.850457,0.987395,110809.55
2025-11-17,0.83403,0.981082,110390.55
2025-11-18,0.846607,0.977514,109785.74
2025-11-19,0.816253,0.977646,109436.55
2025-11-20,0.794828,0.97675,109078.1
2025-11-21,0.78302,0.960504,108256.69
2025-11-22,0.803343,0.943623,105386.07
2025-11-23,0.828029,0.972671,104782.72
2025-11-24,0.84877,0.981284,104657.42
2025-11-25,0.835846,0.982336,104504.88
2025-11-26,0.867959,0.988476,104293.26
2025-11-27,0.876059,0.99009,104202.54
2025-11-28,0.873551,0.989838,104096.63
2025-11-29,0.87304,0.992969,104062.73
2025-11-30,0.869686,0.992949,103992.32
2025-12-01,0.83243,0.980197,103679.51
2025-12-02,0.883357,0.981791,103527.35
2025-12-03,0.905212,0.987401,103392.86
2025-12-04,0.891637,0.992291,103345.83
2025-12-05,0.866609,0.977697,103042.06
2025-12-06,0.866922,0.985049,102974.16
2025-12-07,0.877712,0.98714,102904.21
2025-12-08,0.883244,0.981987,102583.64
2025-12-09,0.906223,0.986939,102476.17
2025-12-10,0.899448,0.992633,102346.72
2025-12-11,0.905836,0.991012,102133.61
2025-12-12,0.885961,0.98799,101920.13
2025-12-13,0.886993,0.991193,101801.22
2025-12-14,0.867529,0.992429,101636.0
2025-12-15,0.85349,0.979436,101257.37
2025-12-16,0.867857,0.982521,101069.4
2025-12-17,0.848178,0.986118,100912.78
2025-12-18,0.845375,0.989455,100755.84
2025-12-19,0.876336,0.991491,100536.98
2025-12-20,0.880285,0.994324,100367.1
2025-12-21,0.883203,0.996208,100328.0
2025-12-22,0.882881,0.997263,100227.31
2025-12-23,0.873406,0.991581,100072.89
2025-12-24,0.876546,0.987971,99955.52
2025-12-25,0.872931,0.993689,99898.36
2025-12-26,0.876211,0.983724,99638.08
2025-12-27,0.881947,0.988536,99558.76
2025-12-28,0.883135,0.987838,99452.68
2025-12-29,0.878116,0.990741,99337.93
2025-12-30,0.891098,0.989293,99208.55
2025-12-31,0.883387,0.990751,99052.76
2026-01-01,0.896727,0.992467,98939.88
2026-01-02,0.909617,0.995989,98883.51
2026-01-03,0.917343,0.99771,98764.35
2026-01-04,0.925939,0.999822,98703.37
2026-01-05,0.951234,1.004794,98715.08
2026-01-06,0.946468,1.004921,98724.98
2026-01-07,0.925977,0.999731,98602.3
2026-01-08,0.924147,0.995558,98481.26
2026-01-09,0.91996,0.99417,98363.86
2026-01-10,0.920527,0.99472,98229.49
2026-01-11,0.926404,0.991046,98024.31
2026-01-12,0.931514,0.98854,97859.11
2026-01-13,0.977247,0.997319,97875.62
2026-01-14,0.98978,1.005031,97933.06
2026-01-15,0.975334,1.007088,97962.63
2026-01-16,0.975785,1.005756,97902.56
2026-01-17,0.971855,1.005075,97867.73
2026-01-18,0.975849,1.002787,97794.54
2026-01-19,0.947507,0.996942,97675.79
2026-01-20,0.90636,0.989243,97466.42
2026-01-21,0.918381,0.986737,97311.08
2026-01-22,0.920553,0.987844,97183.01
2026-01-23,0.927027,0.954917,96314.25
2026-01-24,0.927348,0.974199,96235.9
2026-01-25,0.900394,0.982081,96132.8
2026-01-26,0.914515,0.987724,95979.56
2026-01-27,0.929503,0.992896,95906.71
2026-01-28,0.930266,0.99591,95878.39
2026-01-29,0.883869,0.988351,95672.54
2026-01-30,0.881774,0.981724,95397.39
2026-01-31,0.823581,0.976241,95116.53
2026-02-01,0.812151,0.978068,94885.87
2026-02-02,0.831904,0.97787,94577.81
2026-02-03,0.804902,0.970166,94141.68
2026-02-04,0.779413,0.965901,93715.41
2026-02-05,0.689004,0.949367,92655.51
2026-02-06,0.764766,0.960858,92228.55
2026-02-07,0.749957,0.957738,91885.58
2026-02-08,0.766351,0.979906,91783.92
2026-02-09,0.768504,0.979747,91509.93
2026-02-10,0.752325,0.976337,91214.35
2026-02-11,0.736425,0.972996,90970.88
2026-02-12,0.730677,0.969539,90639.79
2026-02-13,0.761952,0.980101,90361.23
2026-02-14,0.773902,0.991102,90176.53
2026-02-15,0.763675,0.994014,90025.41
2026-02-16,0.762339,0.984031,89820.94
2026-02-17,0.753357,0.983221,89608.67
2026-02-18,0.742929,0.981238,89396.88
2026-02-19,0.750986,0.982571,89141.94
2026-02-20,0.765381,0.977632,88844.15
2026-02-21,0.766302,0.988486,88726.4
2026-02-22,0.764074,0.991579,88582.81
2026-02-23,0.731496,0.977843,88267.46
2026-02-24,0.728698,0.96996,87923.82
2026-02-25,0.773811,0.980131,87841.43
2026-02-26,0.769074,0.988511,87709.26
2026-02-27,0.752935,0.986146,87509.45
2026-02-28,0.766238,0.987569,87398.01
2026-03-01,0.753293,0.99075,87246.68
2026-03-02,0.790757,0.994035,86996.85
2026-03-03,0.786471,0.994324,86844.02
2026-03-04,0.837084,0.998885,86813.44
2026-03-05,0.816622,0.998349,86687.31
2026-03-06,0.788894,0.988715,86348.24
2026-03-07,0.78091,0.987775,86140.1
2026-03-08,0.768386,0.989317,85882.62
2026-03-09,0.798071,0.993389,85708.48
2026-03-10,0.816597,0.998151,85622.63
2026-03-11,0.821107,0.995606,85482.61
2026-03-12,0.825993,0.995843,85342.53
2026-03-13,0.832777,1.000118,85186.28
2026-03-14,0.839509,0.990988,84854.52
2026-03-15,0.858846,0.998286,84740.48
2026-03-16,0.884029,1.004215,84672.0
2026-03-17,0.873871,1.004004,84612.13
2026-03-18,0.843559,0.997298,84480.16
2026-03-19,0.829116,0.992114,84354.73
2026-03-20,0.837036,0.992663,84235.31
2026-03-21,0.819295,0.99619,84067.06
2026-03-22,0.80946,0.992162,83817.19
2026-03-23,0.847483,0.994358,83683.0
2026-03-24,0.845526,0.983728,83417.44
2026-03-25,0.856049,0.988958,83309.9
2026-03-26,0.827051,0.992684,83154.41
2026-03-27,0.801938,0.982085,82739.01
2026-03-28,0.804271,0.987614,82464.98
2026-03-29,0.802396,0.991123,82220.18
2026-03-30,0.812672,0.991751,82064.99
2026-03-31,0.833123,0.993624,81873.97
2026-04-01,0.831821,0.997688,81834.43
2026-04-02,0.819362,0.991866,81635.56
2026-04-03,0.822096,0.994042,81414.46
2026-04-04,0.828295,0.996347,81239.11
2026-04-05,0.831323,0.997871,81069.93
2026-04-06,0.851219,1.002234,80938.97
2026-04-07,0.889542,0.999194,80858.15
2026-04-08,0.878857,1.006343,80917.72
2026-04-09,0.888375,1.004097,80789.8
2026-04-10,0.904289,1.005857,80694.54
2026-04-11,0.905986,1.00849,80636.74
2026-04-12,0.878638,1.000685,80495.09
2026-04-13,0.926903,1.002705,80410.53
2026-04-14,0.921769,1.01212,80511.78
2026-04-15,0.929403,1.008436,80510.84
2026-04-16,0.934843,1.00658,80423.86
2026-04-17,0.959514,1.011289,80395.76
2026-04-18,0.942884,1.005996,80318.0
2026-04-19,0.920032,1.001411,80231.14
2026-04-20,0.946548,1.001658,80159.71
2026-04-21,0.961068,1.000131,79449.09
2026-04-22,0.985669,1.008074,79345.68
2026-04-23,0.98705,1.003751,79308.34
2026-04-24,0.982541,0.985629,78838.27
2026-04-25,0.985352,0.99278,78805.04
2026-04-26,0.994825,0.997799,78796.32
2026-04-27,0.981842,1.001563,78795.19
2026-04-28,0.96897,0.999933,78759.79
2026-04-29,0.96243,1.000118,78733.26
2026-04-30,0.96967,0.999558,78683.16
2026-05-01,0.993896,1.003902,78714.52
2026-05-02,1.000163,1.004448,78669.51
2026-05-03,0.999535,1.003649,78595.41
2026-05-04,1.016389,1.00876,78553.72
2026-05-05,1.028216,1.01273,78687.48
2026-05-06,1.034059,1.01059,78755.79
2026-05-07,1.016949,1.007312,78663.05
2026-05-08,1.020069,1.005709,78611.21
2026-05-09,1.027606,1.005646,78492.15
2026-05-10,1.047404,1.004202,78479.75
2026-05-11,1.041769,1.005895,78450.3
2026-05-12,1.026122,1.00357,78434.86
2026-05-13,1.010936,1.001997,78430.54
2026-05-14,1.034055,1.004958,78408.84
2026-05-15,1.008705,1.00268,78376.25
2026-05-16,0.99733,0.998921,78314.59
2026-05-17,0.988727,0.99895,78294.03
2026-05-18,0.984007,0.994969,78193.28
2026-05-19,0.982878,0.995337,78101.33
2026-05-20,0.991992,0.99862,78100.49
2026-05-21,0.993471,0.998731,78052.28
2026-05-22,0.96814,0.996025,77922.59
2026-05-23,0.985701,0.995018,77756.1
2026-05-24,0.989704,0.998843,77762.51
2026-05-25,0.993835,1.000903,77728.24
2026-05-26,0.97638,0.998009,77655.47
2026-05-27,0.958246,0.995298,77560.43
2026-05-28,0.951862,0.985955,77230.24
2026-05-29,0.953679,0.986188,76930.22
2026-05-30,0.960957,0.991643,76765.18
2026-05-31,0.959868,0.995153,76651.37
2026-06-01,0.933005,0.990432,76427.43
2026-06-02,0.877292,0.981617,75979.9
2026-06-03,0.847682,0.973697,75547.22
2026-06-04,0.849642,0.969083,75104.49
2026-06-05,0.818382,0.966019,74571.57
2026-06-06,0.82324,0.972572,73917.71
2026-06-07,0.85722,0.986381,73852.96
2026-06-08,0.856028,0.992366,73669.31
2026-06-09,0.841689,0.987687,73288.13
2026-06-10,0.84263,0.979223,72928.8
2026-06-11,0.874509,0.984033,72678.07
2026-06-12,0.876265,0.990873,72510.51
2026-06-13,0.889867,0.994756,72351.03
2026-06-14,0.910379,0.996619,72176.0
2026-06-15,0.920747,1.000901,71979.54
2026-06-16,0.914004,0.998104,71790.32
2026-06-17,0.898829,0.996169,71707.38
2026-06-18,0.879179,0.989531,71520.14
2026-06-19,0.890438,0.989956,71285.87
2026-06-20,0.90272,0.99514,71168.61
2026-06-21,0.890129,0.996972,71028.91
2026-06-22,0.901759,0.998338,70917.59
2026-06-23,0.885818,0.99148,70719.63
2026-06-24,0.864219,0.988738,70564.42
2026-06-25,0.851307,0.979361,70127.04
2026-06-26,0.859237,0.980487,69828.57
2026-06-27,0.859024,0.989724,69770.89
2026-06-28,0.853565,0.99126,69675.18
2026-06-29,0.867046,0.98914,69386.77
2026-06-30,0.846762,0.985753,69114.99
2026-07-01,0.868768,0.991382,69021.26
2026-07-02,0.892251,0.996711,68908.93
2026-07-03,0.908495,0.998181,68854.67
2026-07-04,0.916372,1.000774,68840.91
2026-07-05,0.923488,1.000674,68851.45
2026-07-06,0.92897,1.002622,68895.47
2026-07-07,0.919412,1.001179,68875.55
2026-07-08,0.904715,0.99634,68792.59
2026-07-09,0.918535,0.998284,68778.26
2026-07-10,0.934685,0.991604,68609.71
2026-07-11,0.929318,0.996761,68623.48
2026-07-12,0.935419,0.995415,68593.92
2026-07-13,0.915244,0.976214,68031.01
2026-07-14,0.955196,0.991355,68036.96
2026-07-15,0.950909,0.99761,68052.79
2026-07-16,0.937784,0.996954,68000.6
2026-07-17,0.940296,0.996385,67946.31
2026-07-18,0.953598,0.998285,67946.61
2026-07-19,0.951805,1.00058,67956.99
2026-07-20,0.959527,1.002625,67963.78
2026-07-21,0.976868,1.007404,68091.25
2026-07-22,0.970648,1.003744,68085.03
2026-07-23,0.955836,1.000122,68056.91
2026-07-24,0.941905,0.998136,68035.89
2026-07-25,0.94522,0.998294,68020.08
2026-07-26,0.960451,0.999897,68026.68
2026-07-27,0.950619,1.000628,68031.47
2026-07-28,0.939529,0.996493,67956.52
2026-07-29,0.93988,1.000011,67984.8
2026-07-30,0.952131,1.001036,67975.79
2026-07-31,0.926808,0.995066,67786.13
2026-08-01,0.928287,0.993564,67612.96
2026-08-02,0.939988,0.996794,67553.49
2026-08-03,0.940702,0.996548,67467.17
2026-08-04,0.949817,0.998461,67434.58
2026-08-05,0.958234,0.999428,67413.42
2026-08-06,0.953288,1.000876,67416.43
2026-08-07,0.96307,1.00034,67379.94
2026-08-08,0.962991,1.002986,67403.28
2026-08-09,0.962363,1.001395,67384.89
2026-08-10,0.949129,0.999024,67337.38
2026-08-11,0.944177,0.996679,67287.98
2026-08-12,0.943288,0.99618,67224.11
2026-08-13,0.944321,0.996785,67165.03
2026-08-14,0.939565,0.994582,67025.91
2026-08-15,0.940644,0.996677,66995.37
2026-08-16,0.938274,0.996893,66964.0
2026-08-17,0.962818,0.999387,66967.2
2026-08-18,0.965857,1.00093,66967.79
2026-08-19,1.032713,1.008216,67104.82
2026-08-20,1.075066,1.021275,67539.11
2026-08-21,1.150097,1.032747,68103.44
2026-08-22,1.129316,1.028326,68231.05
2026-08-23,1.131601,1.020775,68292.3
2026-08-24,1.147404,1.03265,68801.04
2026-08-25,1.140196,1.028134,69149.05
2026-08-26,1.138347,1.0251,69421.9
2026-08-27,1.148232,1.025275,69743.42
2026-08-28,1.108782,1.018361,69965.54
2026-08-29,1.117891,1.010014,69990.12
2026-08-30,1.125985,1.007918,70041.7
2026-08-31,1.125742,1.009463,70175.66
2026-09-01,1.099361,1.008208,70276.16
2026-09-02,1.096239,1.006285,70347.84
2026-09-03,1.153472,1.012575,70562.6
2026-09-04,1.126362,1.012477,70749.33
2026-09-05,1.127835,1.009269,70805.25
2026-09-06,1.126367,1.008857,70856.13
2026-09-07,1.116728,1.006098,70889.83
2026-09-08,1.106147,1.005281,70931.73
2026-09-09,1.102911,1.007934,71042.61
2026-09-10,1.086112,1.006077,71089.28
2026-09-11,1.086007,1.005108,71100.41
2026-09-12,1.086994,1.002413,71095.13
2026-09-13,1.086867,1.002096,71100.14
2026-09-14,1.106829,1.004823,71149.17
2026-09-15,1.06651,1.000863,71119.82
2026-09-16,1.062724,1.005909,71234.64
2026-09-17,1.072565,1.004588,71285.77
2026-09-18,1.136242,1.010232,71505.47
2026-09-19,1.135406,1.013128,71583.49
2026-09-20,1.133473,1.008626,71579.58
2026-09-21,1.205325,1.023853,72041.5
2026-09-22,1.191619,1.024879,72532.28
2026-09-23,1.163405,1.013655,72589.58
2026-09-24,1.161731,1.01026,72700.11
2026-09-25,1.152316,1.009482,72849.84
2026-09-26,1.158161,1.007312,72874.19
2026-09-27,1.162518,1.005438,72879.9
2026-09-28,1.142067,1.006051,73070.11
2026-09-29,1.141812,1.007044,73224.57
2026-09-30,1.141626,1.007002,73340.53
2026-10-01,1.151828,1.010213,73443.95
2026-10-02,1.146857,1.016648,73687.78
2026-10-03,1.149825,1.011423,73700.07
2026-10-04,1.173331,1.008102,73732.81
2026-10-05,1.166232,1.007798,73765.81
